file,battery,battery_central,curtailment,pv,sell_grid_power,solar_power,supply_grid_power,unmet_demand,Cluster
run_wm1e-05_wc0p1_wt0p9.nc,1716.5024459686601,4.085318875342825,573.6094719073249,1651.5693457071063,9.769897752127097,1199.9975553804984,400.00152713377315,6.048398772090628e-10,3
run_wm0p43333_wc0p03333_wt0p53333.nc,287.50237361389355,0.009605866106538448,792.6079188220174,807.4822465741474,0.010038498091105855,1199.9842237807395,191.6951906040219,0.0,1
run_wm0p03333_wc0p66667_wt0p3.nc,660.2291118082626,0.02616903767085832,725.287142991821,1385.6876337962167,0.0006218236515333638,1199.9946543068102,191.84089375360722,0.0,1
run_wm0p33333_wc0p6_wt0p06667.nc,321.5677981190568,4.309859800415787,786.4019287175363,1391.2330414158025,365.3025899570782,1199.9759982508947,191.6587810812527,0.0,0
run_wm0p36667_wc0p2_wt0p43333.nc,307.6649392606995,0.003419149804601225,781.2020373762791,893.3973280347727,0.0032758319485702713,1199.9959511956408,191.69919307036972,0.0,1
run_wm0p1_wc0p5_wt0p4.nc,434.6792193367197,0.0059647596463283424,770.8971041758539,1021.9026891275968,0.00011335089678030669,1199.9969629280276,191.76113245734493,0.0,1
run_wm0p36667_wc0p26667_wt0p36667.nc,307.66841164639237,0.004290095424158157,772.6902950928641,824.9112555518251,0.0038552126598406546,1199.994173423416,191.69664330164508,0.0,1
run_wm0p4_wc0p2_wt0p4.nc,299.5773743225576,0.002593929766381999,776.2810774653605,847.1405852274384,0.002527493790124296,1199.9983557554744,191.6981017544475,0.0,1
run_wm0p73333_wc0p06667_wt0p2.nc,192.62053992237676,0.000810784774994066,862.9172696274395,1257.115853445836,361.00068853976757,1199.9966064898172,385.92432262345665,0.0,0
run_wm0p06667_wc0p66667_wt0p26667.nc,542.454807448664,0.023883973509617563,756.6034216825317,1222.5776736882385,0.0004864984280720067,1199.9912865197768,191.78752420372004,0.0,1
run_wm0p66667_wc0p23333_wt0p1.nc,219.89181740908973,0.006998680174019648,862.9083393168103,1441.4969408158574,361.0057169541452,1199.9881961774918,399.96054659396924,0.0,0
run_wm0p06667_wc0p9_wt0p03333.nc,438.7043020186726,145.5686904352992,760.1084701701529,1257.1087506314002,145.571585723877,1199.9899875077722,191.79249939573796,0.0,1
run_wm0p6_wc0p36667_wt0p03333.nc,231.63160519986653,15.227654631665153,824.3911935105718,1464.5790268354147,376.22528579636065,1199.9835437009729,383.72020769148804,0.0,0
run_wm0p86667_wc0p06667_wt0p06667.nc,104.4441699814006,0.0009529092922138475,889.9194592384621,1234.839886213691,361.0009456832054,1199.9995072580186,288.22703209321423,0.0,0
run_wm0p33333_wc0p26667_wt0p4.nc,319.2088654204963,0.0015863443311350577,771.3340032697896,890.7801863744038,0.0014433538661038827,1199.998315870657,191.70018028179229,0.0,1
run_wm0p26667_wc0p06667_wt0p66667.nc,343.52031252565854,0.01848938220809301,780.7074903792965,960.0616272301867,0.017748268437243062,1199.9817298139915,399.9794001400857,0.0,2
run_wm0p26667_wc0p03333_wt0p7.nc,343.51638709903466,0.005198057340557601,779.5226042165972,912.6507681323712,0.005410379416218755,1199.9948599974157,399.9947578831446,0.0,2
run_wm0p1_wc0p63333_wt0p26667.nc,435.3036544121893,0.02964936543812573,768.3908865148935,1027.2934016102834,0.0007037942879629887,1199.984753505512,191.74374730435304,0.0,1
run_wm0p63333_wc0p2_wt0p16667.nc,225.28112277731233,0.00315164689129267,825.00583931353,1257.1041253954595,361.0013002209286,1199.9867733745957,359.12263683348334,0.0,0
run_wm0p1_wc0p26667_wt0p63333.nc,429.4607591661797,0.009124659373914995,768.7323955656457,1024.4328825123105,0.00017293172292056727,1199.9963134544316,399.99732303260106,0.0,2
run_wm0p06667_wc0p13333_wt0p8.nc,484.04950443227716,0.0048463020501386955,757.2168831758919,1105.8138707419223,0.00011026307808106456,1199.999330139812,399.99935967617586,0.0,2
run_wm0p1_wc0p86667_wt0p03333.nc,393.0711791434328,57.8058068330295,773.9588053446898,1045.636986722705,327.6554029962141,1199.9902935854839,191.73408075561835,0.0,1
run_wm0p5_wc0p16667_wt0p33333.nc,264.52511293162087,0.003975122234779715,788.4016346354489,715.6447483271916,0.003704171831190096,1199.9932175346796,191.64358447171588,0.0,1
run_wm0p23333_wc0p33333_wt0p43333.nc,362.29574215512383,0.00765552640420052,784.4080204582858,935.8092989468414,0.0003875423121167555,1199.9907720189558,191.70687882870888,0.0,1
run_wm0p26667_wc0p13333_wt0p6.nc,346.81132151903546,0.013066162660832506,779.0244275463199,947.8430228297631,0.012987041934257544,1199.9844892329986,364.7789330443365,0.0,2
run_wm0p43333_wc0p46667_wt0p1.nc,292.69601592458827,0.019853004581865973,795.6833440049415,1262.7214773112673,361.0171506633845,1199.9853444581954,400.0028774503944,0.0,0
run_wm0p4_wc0p6_wt1e-05.nc,189.04118004536238,170.73268796889252,699.385036682509,1383.4150457150986,531.7303480836704,1199.9948861389134,472.893552010314,0.0,0
run_wm0p53333_wc0p3_wt0p16667.nc,257.9834544260471,0.009595554755784962,797.002252708186,941.6406572570119,234.7199368937869,1199.9773142141378,378.55966512354377,0.0,2
run_wm0p5_wc0p23333_wt0p26667.nc,264.8297926541385,0.0013672755101662702,794.9842732675792,711.9288228476985,0.0014082614293147327,1199.9964010740366,289.0810864584666,0.0,1
run_wm0p1_wc0p13333_wt0p76667.nc,426.6657984199953,0.001918107164162367,746.101295619182,1076.705705759914,0.00022064415020206778,1199.9998135205335,399.9994752086586,0.0,2
run_wm0p1_wc0p56667_wt0p33333.nc,435.32397003206256,0.005952584643084547,768.4308757801589,1075.7651889900021,0.00011543365286535813,1199.9968625627698,191.7335903198283,0.0,1
run_wm0p43333_wc0p33333_wt0p23333.nc,288.58028125597497,0.005243670336727333,790.7920649112984,759.2396825489486,0.003932814102192422,1199.988079442459,191.65362188476232,0.0,1
run_wm0p16667_wc0p43333_wt0p4.nc,377.6129086487027,0.005434507026933027,773.4539177835395,968.6991421326986,0.00011831568526854713,1199.9964022781846,191.70767444664313,0.0,1
run_wm0p2_wc0p76667_wt0p03333.nc,325.5154393838713,62.635984053952846,745.6728329792952,1616.7190675685438,423.632455312201,1199.993770258254,191.70278306609492,0.0,0
run_wm0p66667_wc0p16667_wt0p16667.nc,217.45909860564234,0.012177264207013122,825.1758300587803,1257.0624420717656,361.0064252073682,1199.9518170003275,352.8500615721819,0.0,0
run_wm0p16667_wc0p76667_wt0p06667.nc,374.40075731478487,8.048811818273595,783.0078813943674,971.5922413506112,241.50470048352864,1199.9880666800782,191.7011216319032,0.0,1
run_wm0p2_wc0p33333_wt0p46667.nc,370.5956960160149,0.0038776405139378956,770.7085272955218,937.7299808432512,0.00011864787911263575,1199.9958227041661,191.72197030754498,0.0,1
run_wm0p56667_wc0p33333_wt0p1.nc,247.25390962701982,0.010774226252255879,824.4528877273962,1436.1428990193435,361.0088442764592,1199.9890168927775,383.4570790610819,0.0,0
run_wm0p56667_wc0p16667_wt0p26667.nc,241.549240965273,0.003622569888455798,795.757962629072,674.3710131981125,0.0035817276236933737,1199.9927633030811,360.35521941974343,0.0,2
run_wm0p16667_wc0p13333_wt0p7.nc,374.2674771620458,0.003852014063468399,775.3551992397036,950.8479430248353,0.003139760204468867,1199.9976169143026,399.99783370793574,0.0,2
run_wm0p3_wc0p3_wt0p4.nc,333.2653957899728,0.003450033786490929,785.9877186125063,928.1672911716626,0.0018592239609796569,1199.9947242834032,191.7000449432779,0.0,1
run_wm0p06667_wc0p16667_wt0p76667.nc,484.23007912563145,0.032159449305470746,779.9497477040163,1117.5352217669697,0.0007425483279970933,1199.9850110483067,399.9932074608585,0.0,2
run_wm0p36667_wc0p16667_wt0p46667.nc,307.6578748271201,0.0125906468790864,772.7818068230924,881.482679511263,0.012242882804099502,1199.975588180338,191.695489333498,0.0,1
run_wm0p06667_wc0p03333_wt0p9.nc,480.68589272116674,0.010722633173979512,767.2363068255281,1180.3606060342124,0.009996649272813463,1199.9978002955665,399.99648248555224,0.0,2
run_wm0p03333_wc0p8_wt0p16667.nc,664.0791939196794,0.020923853994757824,744.502170051586,1386.7033056580565,0.0004484075872653458,1199.9954581626669,191.8398761903045,0.0,1
run_wm0p03333_wc0p76667_wt0p2.nc,663.3158391314772,0.05417632961121567,740.9510822332186,1386.55651857581,0.0012778159753065673,1199.989616922668,191.84407186228887,0.0,1
run_wm1e-05_wc0p03333_wt0p96667.nc,1635.0885594448196,6.911121479658982,591.8454038167614,1705.8244703579667,4.739108604488622,1199.9950481088933,400.0057249525569,9.634220249756536e-10,3
run_wm0p2_wc0p3_wt0p5.nc,370.58654988045384,0.0067199109989058,761.1069349484176,974.653573323901,0.0002935576812736261,1199.9922462505879,191.8272599097246,0.0,1
run_wm0p76667_wc0p1_wt0p13333.nc,185.32076965136574,0.0026679471419850135,862.9099520618148,1317.1346898650268,361.00239055671955,1199.986668790402,377.806218506036,0.0,0
run_wm0p66667_wc0p3_wt0p03333.nc,217.45363737673608,0.0675835107068278,862.916249816973,1438.748535023637,361.06707842420354,1199.9956499387083,400.05541706029607,0.0,0
run_wm0p06667_wc0p83333_wt0p1.nc,542.4536941466424,0.20192327388533446,750.4113740559416,1225.5721414164275,0.002967052023889654,1199.9820054890984,191.78474574003965,0.0,1
run_wm0p13333_wc0p06667_wt0p8.nc,395.2265649132532,0.006682555314227983,773.3263997601537,975.2025411198933,0.0065998124244868485,1199.9969435734986,399.9960978265987,0.0,2
run_wm0p16667_wc0p33333_wt0p5.nc,374.4032866815564,0.0030029901334749608,771.8142454616984,975.5683408217635,7.526823129985492e-05,1199.9977791228014,191.87622859675045,0.0,1
run_wm0p53333_wc0p46667_wt1e-05.nc,168.61585747498387,132.39641745781122,824.3352416045465,1340.2604192529436,493.3962664488788,1199.9998331910908,428.53570452998446,0.0,0
run_wm1e-05_wc0p43333_wt0p56667.nc,1782.073640918516,0.37877662843609605,543.0592704551522,1687.4481739469243,3.851681547195812,1199.9960395754908,399.99787519007907,6.95469648019573e-10,3
run_wm0p6_wc0p03333_wt0p36667.nc,233.7194786232367,0.007298445290332415,810.1425933058149,653.1841650588575,0.008009848078298085,1199.9853825098114,351.6745614514882,0.0,2
run_wm0p4_wc0p33333_wt0p26667.nc,299.59190927907565,0.000693622248372586,789.4289755113775,777.0775115965421,0.0006680311404191379,1199.9991905965794,191.69877763535632,0.0,1
run_wm0p56667_wc0p13333_wt0p3.nc,241.42258380634732,0.0056891298245805005,806.2350122123829,678.8629565124426,0.005716043445402188,1199.965001367517,360.2002629061698,0.0,2
run_wm0p7_wc0p13333_wt0p16667.nc,204.08073376681193,0.0029392570808707353,862.9096358852171,1257.106662455695,361.00211952209327,1199.9885678223675,398.5890462687348,0.0,0
run_wm0p33333_wc0p53333_wt0p13333.nc,321.2030324902843,0.03194335958814076,785.316612989095,868.0370481898474,80.39438676598849,1199.9783533212144,191.65784005243293,0.0,1
run_wm0p66667_wc0p13333_wt0p2.nc,217.10148973322555,0.004326641452940391,825.6939118271506,1257.0834479878179,360.99863652755005,1199.9801793751408,350.06008130792424,0.0,0
run_wm0p03333_wc0p46667_wt0p5.nc,660.1917437070551,0.03665812347536022,745.4350454950207,1386.072515087555,0.0005926086928981221,1199.9927737806534,399.9967900458666,0.0,2
run_wm0p26667_wc0p73333_wt1e-05.nc,231.7845983499066,157.87363691612742,698.7130289267093,1470.7948774535912,518.870449728893,1199.9953786273807,191.6966489739223,0.0,0
run_wm0p03333_wc0p4_wt0p56667.nc,660.1587605017163,0.008392258258553036,718.1701633766974,1385.861430686284,0.0002289813814091422,1199.99831209382,399.9991802285742,0.0,2
run_wm0p26667_wc0p5_wt0p23333.nc,348.5567724406876,0.007738197291730427,781.7142927869398,904.875798560191,0.002292360952116523,1199.9910444945644,191.69867914339807,0.0,1
run_wm0p3_wc0p2_wt0p5.nc,333.24922165559906,0.006335194704628751,782.3765052729786,861.7727466853348,0.0061884662950479246,1199.9917059013553,191.70534023575888,0.0,1
run_wm0p76667_wc0p23333_wt1e-05.nc,110.87219868770092,66.04733781281712,862.9197244136385,1229.6084367602666,427.0471714669493,1199.9997165885463,361.3959121301429,0.0,0
run_wm0p26667_wc0p33333_wt0p4.nc,348.1813359451268,0.006456101206858594,782.4894451378201,873.6712012052498,0.0010927010150894188,1199.9887366533776,191.70068922167178,0.0,1
run_wm0p23333_wc0p1_wt0p66667.nc,360.6403960366351,0.004696466047242493,784.3341555890534,926.8250172193677,0.0044998994604702625,1199.9968153175862,399.9951496369882,0.0,2
run_wm0p3_wc0p23333_wt0p46667.nc,333.2572641281357,0.008235771582880948,779.8790961149754,935.932472007723,0.00754866091762215,1199.9847089514433,191.7080173210451,0.0,1
run_wm0p3_wc0p66667_wt0p03333.nc,293.83299594875524,78.19285742558036,711.9516769081148,1589.1656548226395,439.18963650296223,1199.993877031602,191.69129924970656,0.0,0
run_wm0p13333_wc0p33333_wt0p53333.nc,398.30284246231975,0.00403814121747392,752.8902257654843,989.9076077619774,7.587576678323261e-05,1199.9985934662463,399.9970069512128,0.0,2
run_wm1e-05_wc0p7_wt0p3.nc,1841.6783650520597,0.03997515003364296,571.8919337397191,1735.9616715301133,3.168995276430676,1199.9998396379244,192.38808487023385,0.0,3
run_wm0p13333_wc0p5_wt0p36667.nc,398.95480426607645,0.008663272626851858,772.0367464923527,989.9151949232794,0.0001572300229856444,1199.995771108769,191.71933010705368,0.0,1
run_wm0p16667_wc0p1_wt0p73333.nc,373.9531802903334,0.002249695829624295,780.6031158396281,945.1566466213369,0.0021194453818890796,1199.9992143115187,399.99879504991344,0.0,2
run_wm0p03333_wc0p7_wt0p26667.nc,660.639644206323,0.05376555771366632,727.6757900380353,1386.0514039925974,0.0015745221432902864,1199.987719762702,191.84848779635996,0.0,1
run_wm0p06667_wc0p3_wt0p63333.nc,497.3072138959324,0.03074630556204265,760.5001644157892,1126.464527705472,0.0006000255850635054,1199.9875867341073,399.9930823737672,0.0,2
run_wm0p33333_wc0p56667_wt0p1.nc,321.2376067791372,0.04428176194036822,790.4911081563721,1257.0664744731398,361.0002673194193,1199.9814005897574,191.66220304483937,0.0,0
run_wm0p56667_wc0p4_wt0p03333.nc,235.21178126679985,30.06679727050717,824.9924300498436,1470.842498769359,391.0663591311326,1199.9980078467731,400.1860324024216,0.0,0
run_wm0p03333_wc0p96667_wt1e-05.nc,456.12959803983557,320.5682057643644,473.5494480168794,1743.484068737479,681.5461930174409,1199.989741549562,191.87480996240015,0.0,0
run_wm0p26667_wc0p36667_wt0p36667.nc,348.5430319255124,0.0044854825341181055,772.7172680983763,902.0279727225537,0.0006577188060979758,1199.99460682362,191.7003428008018,0.0,1
run_wm0p6_wc0p1_wt0p3.nc,234.75601173857666,0.008055444915997372,805.809847940932,655.0616624911713,0.008239161746389369,1199.959595749085,352.8264174665893,0.0,2
run_wm0p83333_wc0p16667_wt1e-05.nc,80.32301965634181,38.164098498535,889.9196303547243,1177.1725363393668,399.1640323336764,1199.9999092994435,299.66221648053875,0.0,0
run_wm0p4_wc0p46667_wt0p13333.nc,300.43567818554845,0.008300856821331101,793.6827914102839,806.2080152530933,186.81746254206703,1199.992919160389,195.07949470201484,0.0,1
run_wm0p4_wc0p03333_wt0p56667.nc,297.33703118136407,0.00712414929760416,785.9776231839061,781.6588505300946,0.01506315706432658,1199.9925236097802,191.69939633836603,0.0,1
run_wm0p46667_wc0p46667_wt0p06667.nc,287.5461658530273,0.5770619696880128,788.1779045829368,1576.3203995764964,361.57337121403725,1199.964724460609,400.56727342676686,0.0,0
run_wm1e-05_wc0p73333_wt0p26667.nc,1841.0297028920202,0.08058611950404428,553.3276956297852,1769.2191042659476,5.834763557521042,1199.999943452115,192.38825795711298,1.605140364756401e-10,3
run_wm1e-05_wc0p9_wt0p1.nc,1841.8479354933406,0.06359360152223817,577.2606805166355,1750.5396920989047,13.538524266836339,1199.9999386074496,192.3875093912426,0.0,3
run_wm1e-05_wc0p36667_wt0p63333.nc,1783.9658362239263,0.18456843420347444,575.7311908901365,1694.9241896912495,6.710989131854038,1199.9996096765155,399.9998684365912,1.6400807341812737e-10,3
run_wm0p1_wc0p4_wt0p5.nc,432.58484655296274,0.005111930521782748,774.265108306467,1113.4292436150365,7.270495162242444e-05,1199.99838141719,399.9971934438909,0.0,2
run_wm1e-05_wc0p96667_wt0p03333.nc,1841.4853157552927,0.390448587454987,571.8541816549006,1724.2393556835084,6.002420632488154,1199.9997826206388,192.38742867973338,1.3856888242299236e-10,3
run_wm0p56667_wc0p2_wt0p23333.nc,241.58294867173683,0.0013102046905123454,805.8215955801107,668.0081094730663,0.001441785671920907,1199.9959593773692,360.40004464548184,0.0,2
run_wm0p23333_wc0p4_wt0p36667.nc,362.30472815233526,0.011629799921739318,780.1115681570626,965.9790752331332,0.0004990613973039982,1199.9867396294871,191.70189783551112,0.0,1
run_wm0p06667_wc0p5_wt0p43333.nc,541.5111968740067,0.007163858594685089,754.4924785449853,1244.328894177212,8.428278623352677e-05,1199.9986183494652,260.8335224482859,0.0,1
run_wm0p16667_wc0p63333_wt0p2.nc,378.2247211118538,0.01819077800544032,779.468211189129,945.4814746740902,0.0005622205311218887,1199.9882060171394,191.7056772070312,0.0,1
run_wm0p8_wc0p03333_wt0p16667.nc,176.005811728503,0.004117204355929118,862.8970898228447,1259.0050452575924,361.00412752194467,1199.9688936123032,367.5019673276711,0.0,0
run_wm0p53333_wc0p23333_wt0p23333.nc,256.0101026449834,0.001806234420448118,805.1250749559731,693.4620514582039,0.0017857017517787057,1199.994581600834,376.37377300720163,0.0,2
run_wm0p23333_wc0p43333_wt0p33333.nc,362.3019578931158,0.0038408416393745787,774.8293377036036,916.2793099343473,0.00012666169875159727,1199.9976405801283,191.70109184948387,0.0,1
run_wm0p3_wc0p53333_wt0p16667.nc,333.6909042357174,0.013919697465441068,785.0851245623758,847.0596649315394,0.013371236814443438,1199.9864740423586,191.68707842613176,0.0,1
run_wm0p63333_wc0p23333_wt0p13333.nc,225.9644366313083,0.010128851766831913,824.6198979970827,1263.7229132257457,361.00610651640204,1199.968965652696,359.86219321429024,0.0,0
run_wm0p3_wc0p16667_wt0p53333.nc,330.8419385642822,0.006132906750743445,785.0168189355148,928.7113000263828,0.005841341063078559,1199.990754249681,191.7110658977154,0.0,1
run_wm0p7_wc0p26667_wt0p03333.nc,201.50304156322227,0.08125728315780573,862.907486645642,1403.589567069911,361.0797257786513,1199.98458026217,395.7653217789379,0.0,0
run_wm0p03333_wc0p2_wt0p76667.nc,660.1642401511955,0.02185199033298938,715.218444098583,1385.9943969620163,0.0004669417205123377,1199.995714130316,399.99798865696647,0.0,2
run_wm0p1_wc0p9_wt1e-05.nc,342.6779735193035,234.48020148586087,616.493788753432,1661.897066387541,595.4759491699388,1199.9947347627224,191.7847347425391,0.0,0
run_wm0p03333_wc0p83333_wt0p13333.nc,663.885061401304,0.03834736711924671,744.0601156109625,1386.6769918005257,0.0005647434048794615,1199.9967108646788,191.83761585304447,0.0,1
run_wm0p06667_wc0p6_wt0p33333.nc,542.4519627879688,0.014475972772154212,754.8327789489047,1224.478648934784,0.00028004886380659805,1199.9940863570782,191.7862543480432,0.0,1
run_wm0p33333_wc0p23333_wt0p43333.nc,318.68705546086164,0.010211514605686924,776.6105584543037,834.2318248790646,0.009304818217693403,1199.9806003785625,191.7007564979335,0.0,1
run_wm0p7_wc0p1_wt0p2.nc,203.30163829889827,0.001228094065849615,862.9157804451042,1257.1149699706639,361.0007403070355,1199.9968155306226,337.39942923887037,0.0,0
run_wm0p03333_wc0p23333_wt0p73333.nc,660.175499029655,0.01920798022154577,723.1880920008647,1385.976217881985,0.0004884640086291889,1199.9962124333701,399.99823352801803,0.0,2
run_wm0p2_wc0p43333_wt0p36667.nc,370.60149673834303,0.00795922322333295,773.519322358265,940.8673591447298,0.00022802234092868373,1199.9919654738646,191.70765710645995,0.0,1
run_wm0p33333_wc0p06667_wt0p6.nc,317.0326471697976,0.005299470313452436,777.86233604463,914.5831594632285,0.00537591250054204,1199.9955208677115,191.7923032082226,0.0,1
run_wm0p16667_wc0p06667_wt0p76667.nc,373.9561771712688,0.005869751462511002,781.2901297490886,1005.4148848413207,0.005666965728976003,1199.9953568868214,399.9959082268415,0.0,2
run_wm0p2_wc0p06667_wt0p73333.nc,364.559082617624,0.005013717455496713,778.0222667709256,976.281048738655,0.00493897291127813,1199.9964018959347,399.99674306540237,0.0,2
run_wm0p26667_wc0p23333_wt0p5.nc,348.1236032923706,0.007806736156418876,771.7224284634565,938.8710439743401,0.006124720150042271,1199.9910744379947,191.71288152493852,0.0,1
run_wm0p2_wc0p6_wt0p2.nc,370.6245310388865,0.016354113102558285,791.6765570460282,937.764995154737,0.000561064433018482,1199.986619459915,191.7007071047015,0.0,1
run_wm0p03333_wc0p56667_wt0p4.nc,660.219253727594,0.035404575677946276,733.5161338066398,1385.9018615635841,0.0009138114812163014,1199.991877523229,192.00824255176897,0.0,1
run_wm0p76667_wc0p06667_wt0p16667.nc,185.24856852468116,0.001674241090809606,862.9095603660279,1261.0244292217928,361.00152702408906,1199.9859526576472,377.73987774545736,0.0,0
run_wm0p66667_wc0p03333_wt0p3.nc,214.2523700689803,0.007935994715232755,826.5486082017278,628.4980227247685,0.008927889193534398,1199.9769225566365,346.85061555055273,0.0,2
run_wm0p06667_wc0p56667_wt0p36667.nc,542.0564166015181,0.019817246944310415,754.201002341837,1221.918423423262,0.00032619160690902535,1199.9917482762876,191.792556588668,0.0,1
run_wm0p46667_wc0p36667_wt0p16667.nc,280.41500522608686,0.011104947187069614,791.7262040715775,773.5370208840823,164.339179061911,1199.9821722662014,399.97491124722086,0.0,2
run_wm0p1_wc0p6_wt0p3.nc,435.330220624789,0.010368254736021442,769.759638996633,1021.9286106604021,0.0002014908502313639,1199.9938342330734,191.7368749712757,0.0,1
run_wm0p36667_wc0p56667_wt0p06667.nc,313.8026936043428,3.1144065919949924,782.1804023258667,1544.2449763093928,364.1069056949099,1199.964502202098,246.75916325138033,0.0,0
run_wm0p2_wc0p36667_wt0p43333.nc,370.60752447918435,0.01568686349953758,775.4430392827314,978.2217489951863,0.0005326271341220652,1199.9822796078183,191.71810668058075,0.0,1
run_wm0p2_wc0p73333_wt0p06667.nc,365.8994881861053,6.781059174580832,785.4176847990466,973.9052938256748,252.55354220747046,1199.9937016556978,191.69819978999084,0.0,1
run_wm0p16667_wc0p36667_wt0p46667.nc,374.5600280691671,0.0017078200543402318,776.6470925432052,948.5503320988516,4.032092703144139e-05,1199.9985869105071,191.86790759262897,0.0,1
run_wm0p03333_wc0p13333_wt0p83333.nc,660.1617384372653,0.030564363769123706,728.4657324218213,1385.9924721629,0.0005841029476364131,1199.9950679023466,399.99744082267546,0.0,2
run_wm0p1_wc0p53333_wt0p36667.nc,434.67493371169553,0.010954433318121385,763.6178956031384,1030.8825707769395,0.0001693724292204165,1199.994993957474,191.7356526938728,0.0,1
run_wm0p06667_wc0p53333_wt0p4.nc,541.5155038816424,0.029249779881447214,748.6372530749837,1229.2236844917077,0.00043226812377714075,1199.989577697858,191.94110865216382,0.0,1
run_wm0p1_wc0p16667_wt0p73333.nc,426.6499477273471,0.004249703475401421,754.3102139851331,1066.7979656230812,0.00015334214216699023,1199.9994603631374,399.9989387094381,0.0,2
run_wm0p63333_wc0p06667_wt0p3.nc,224.03996179444417,0.005770205956396549,826.3591184100426,643.0743176797004,0.006176776461386756,1199.9812984864504,340.95851016259155,0.0,2
run_wm0p4_wc0p5_wt0p1.nc,300.67574205076914,0.019232463227322357,796.7822186077042,1257.1067193470872,361.01691590982966,1199.9907620473984,399.98526331216823,0.0,0
run_wm0p23333_wc0p73333_wt0p03333.nc,311.3379016735082,69.39315034899275,733.5207075363608,1615.1397390563425,430.3885631082859,1199.9936407692062,191.69521433653838,0.0,0
run_wm0p36667_wc0p03333_wt0p6.nc,307.36370548606675,0.006268626580365877,781.3960012224372,830.3685526118588,0.006605331675563185,1199.9944095896667,191.7151579904711,0.0,1
run_wm0p23333_wc0p2_wt0p56667.nc,360.9643024799931,0.006647179581233376,776.3735662020881,944.7275213178891,0.0053628881176253545,1199.993423019852,259.9550114696599,0.0,1
run_wm0p5_wc0p26667_wt0p23333.nc,265.14210151446986,0.004856094240171938,803.6360889809033,719.8188230936132,0.005989791196179198,1199.9753077578187,386.44739288963393,0.0,2
run_wm0p26667_wc0p6_wt0p13333.nc,350.22667118570416,0.027623662669963304,783.3584022867949,967.4310672383233,0.027191125411648732,1199.9854496629257,191.68524714548195,0.0,1
run_wm0p63333_wc0p13333_wt0p23333.nc,224.27916550274875,0.0050853908961063735,824.766167593851,642.8377865657819,0.006486851703187391,1199.9798538222753,357.646790309579,0.0,2
run_wm0p23333_wc0p26667_wt0p5.nc,360.9644080278548,0.0036749000051754604,772.4848425983199,949.329217547716,0.0010646764078684433,1199.9966342391976,191.73446602543933,0.0,1
run_wm0p76667_wc0p2_wt0p03333.nc,174.92951187044986,0.0033975830802435527,862.9194792404417,1351.9025025666704,361.00322747783446,1199.999373936215,366.3273302824329,0.0,0
run_wm0p33333_wc0p3_wt0p36667.nc,319.9468170891337,0.00045221038215642416,765.671895347807,904.5516645143811,0.00036897628926995844,1199.9995075395054,191.70060001849552,0.0,1
run_wm1e-05_wc0p06667_wt0p93333.nc,1711.7513539749007,0.17796719641081968,589.0388188064001,1653.5879213946657,2.231650791708214,1199.9999711577148,400.00008464032453,0.0,3
run_wm0p13333_wc0p66667_wt0p2.nc,399.10928345430483,0.0366978931125924,780.6024422093258,980.8646585982929,0.0010307349958422406,1199.9775629207327,191.72070743559593,0.0,1
run_wm0p2_wc0p8_wt1e-05.nc,264.9288943044817,167.41042080441628,681.3066749206906,1534.6211841432057,528.407184522412,1199.9969014287199,191.71845787159882,0.0,0
run_wm0p2_wc0p4_wt0p4.nc,370.5980018695942,0.008317494996008886,775.1703923933056,965.4924292391804,0.0002475629547410443,1199.9913088115686,191.70769137581888,0.0,1
run_wm0p6_wc0p3_wt0p1.nc,237.23013618567444,0.026960625169481042,824.7438376917042,1415.7361938268987,361.02209700336954,1199.9517490127432,372.30734622815487,0.0,0
run_wm0p36667_wc0p53333_wt0p1.nc,311.45273699855426,0.025205040852037966,793.3462680527302,1257.0994149493386,361.01707514653344,1199.9867728086692,191.65830325860196,0.0,0
run_wm0p23333_wc0p7_wt0p06667.nc,360.64303095235266,4.187139497890453,783.9895473951857,1257.0241924817694,365.16575202312913,1199.9809645872608,191.6860086342486,0.0,0
run_wm0p13333_wc0p43333_wt0p43333.nc,398.82711079507374,0.0006671811110013489,765.8908336598574,982.9178579552515,1.2447190048008277e-05,1199.9996267319211,191.8860573139615,0.0,1
run_wm0p26667_wc0p3_wt0p43333.nc,348.13443790652593,0.011230216390178379,783.5837638941591,907.8624269651106,0.002673920038370728,1199.9873550159582,191.70190325249942,0.0,1
run_wm0p1_wc0p8_wt0p1.nc,439.24430305716373,0.13307815045217933,767.6822230050795,1051.667643361428,0.007040342406197194,1199.9877108819594,191.73239191452296,0.0,1
run_wm0p33333_wc0p5_wt0p16667.nc,320.92864573577833,0.007469587692755729,794.3464397893488,893.6618384348097,0.007361445644399493,1199.9909120312605,191.6831678817978,0.0,1
run_wm1e-05_wc0p5_wt0p5.nc,1779.4581137252271,0.744388538214366,583.456676028633,1693.5372484870556,18.068013500769382,1199.9979331514583,399.99722257004737,7.468590659131415e-10,3
run_wm0p36667_wc0p1_wt0p53333.nc,307.4934405575696,0.006993871143887395,794.2924908591359,799.560768470421,0.007015206139204944,1199.989359564943,191.70198568045635,0.0,1
run_wm0p1_wc0p1_wt0p8.nc,426.4475248128406,0.0119880934777665,762.0325177025617,1016.103255635622,0.008670791184628872,1199.9959266320052,399.9961864335728,0.0,2
run_wm0p43333_wc0p43333_wt0p13333.nc,289.84128476378453,0.014055823213644932,790.059381094562,941.6991649947522,360.9599242545466,1199.9840212007364,399.9844189473001,0.0,0
run_wm0p53333_wc0p16667_wt0p3.nc,253.90421070147073,0.005273650995317611,796.8316765294336,695.0513205596164,0.005078173397393019,1199.9879419010945,351.4149873564662,0.0,2
run_wm0p5_wc0p13333_wt0p36667.nc,264.49520321390565,0.0061780857540153535,794.0948749608303,735.9872162212837,0.005953903388007358,1199.9846266463937,191.6402003107572,0.0,1
run_wm0p13333_wc0p36667_wt0p5.nc,398.8459509399547,0.020445841107491987,768.4648080105634,986.8306202634512,0.0004184787568359079,1199.9842234135363,364.9528304182565,0.0,2
run_wm0p1_wc0p23333_wt0p66667.nc,428.1364809886426,0.00968532414627888,758.6771297311659,1024.4653093353443,0.00017075320879926745,1199.9969444764251,399.9975223644691,0.0,2
run_wm0p16667_wc0p7_wt0p13333.nc,378.214640247548,0.03758468650900909,774.0529757174652,988.4971582129888,0.025141358649103402,1199.9847162318395,191.70215912123896,0.0,1
run_wm0p1_wc0p66667_wt0p23333.nc,436.45500792251056,0.019355153126095235,788.6815249004632,1038.6487724205267,0.0004446293744338385,1199.988126750337,191.73757574851015,0.0,1
run_wm0p16667_wc0p03333_wt0p8.nc,373.9540228080267,0.007309027029084521,772.9231466260944,965.2309842614753,0.007385489928158783,1199.9964545007492,399.99520446365403,0.0,2
run_wm0p13333_wc0p3_wt0p56667.nc,398.3084726110771,0.007250774570746253,773.2572946017094,1001.7355406215684,0.00017455581841182717,1199.9953015341466,399.99398644404727,0.0,2
run_wm0p1_wc0p83333_wt0p06667.nc,435.18687634334935,6.58148580197547,765.0879952484426,1103.8980826057189,6.565392668243669,1199.9850291999446,191.73167357958383,0.0,1
run_wm0p66667_wc0p26667_wt0p06667.nc,219.6785521467676,0.010795771794071155,862.9136178781731,1443.1794648586601,361.0100204353167,1199.9929742419422,399.9960735764194,0.0,0
run_wm0p23333_wc0p36667_wt0p4.nc,362.29726057974773,0.004145209690972414,783.6546996092966,961.8647611286193,0.00016979225203107417,1199.9954955257256,191.70263828911627,0.0,1
run_wm0p3_wc0p7_wt1e-05.nc,216.79701159227346,170.40384289017126,687.1880696161413,1440.2056874797486,531.4012063122343,1199.9954598503364,191.69274523069583,0.0,0
run_wm0p03333_wc0p1_wt0p86667.nc,660.1564704969941,0.031786019634930045,734.7541106217417,1385.7752669229899,0.0007437011509766868,1199.996029592818,399.99674636627043,0.0,2
run_wm0p26667_wc0p46667_wt0p26667.nc,348.5596435338381,0.016572502897921313,786.9790792507994,907.0687797693623,0.0024020116240155397,1199.9804616157544,191.69481659841654,0.0,1
run_wm0p63333_wc0p16667_wt0p2.nc,224.3207826268242,0.0026855727854882164,825.3332900397974,691.1843347946362,234.38401731467934,1199.9886040495098,358.07802224621236,0.0,2
run_wm0p06667_wc0p26667_wt0p66667.nc,493.0816110853196,0.0025261137544337333,757.508085964088,1177.7643036468216,3.5526649628725106e-05,1199.9995616022793,399.9996521877753,0.0,2
run_wm0p06667_wc0p86667_wt0p06667.nc,542.3300983312151,5.103172055997146,761.9886148956778,1232.888607744452,4.4731836476051,1199.8984999905445,191.79243196703334,0.0,1
run_wm0p6_wc0p33333_wt0p06667.nc,239.6530585450638,0.0817434665661286,824.5934826214287,1474.5620703002346,361.0773327697437,1199.9484495122174,375.07483559041,0.0,0
run_wm0p06667_wc0p43333_wt0p5.nc,523.477062409581,0.007190572976080025,737.5221386975552,1194.5914495286756,8.690087319658193e-05,1199.9989144442486,399.998635454325,0.0,2
run_wm0p16667_wc0p8_wt0p03333.nc,348.54599262437546,56.048634586173506,779.4884166800608,1400.936797975567,417.04663566610384,1199.9977306614414,191.7126254766898,0.0,0
run_wm0p16667_wc0p4_wt0p43333.nc,376.16229977034334,0.009522932892443933,780.7326121030231,959.3497350991829,0.0002645417504079264,1199.9873556378272,191.7291512558489,0.0,1
run_wm0p06667_wc0p73333_wt0p2.nc,542.4435460280588,0.05871227449865615,744.896094205178,1223.7256268047265,0.0008931166903279505,1199.9800804077474,191.79208744501236,0.0,1
run_wm0p8_wc0p06667_wt0p13333.nc,175.59541034848655,0.0018339217726568234,862.9130590887399,1303.650696034147,361.001740422524,1199.990705550242,367.05797422157866,0.0,0
run_wm0p46667_wc0p3_wt0p23333.nc,278.7722807178873,0.0025296017931299725,789.3451867232843,736.1042204159764,0.00222503757047307,1199.9955854194054,281.64581707086217,0.0,1
run_wm0p56667_wc0p1_wt0p33333.nc,240.61556434590818,0.001822035566697104,802.404760076318,705.9702627660688,0.001822389642217681,1199.997973091721,359.3089831606468,0.0,2
run_wm0p46667_wc0p06667_wt0p46667.nc,276.36041948385594,0.009774675581037508,793.3381225955727,797.765178165201,0.009912384432551321,1199.9793421093877,191.69186601087023,0.0,1
run_wm1e-05_wc0p33333_wt0p66667.nc,1745.6093807826724,0.09836029292693214,581.7572945051833,1710.0793428467891,2.0115322942161886,1199.9998499702435,399.9999220650906,1.1882455967205073e-10,3
run_wm1e-05_wc0p76667_wt0p23333.nc,1840.8983495374273,0.18037433888172505,578.9918294049837,1780.1977173660287,9.36307088838077,1199.999211994872,192.38978801399773,2.315611590148191e-10,3
run_wm0p93333_wc0p06667_wt1e-05.nc,0.3927248747522254,0.035679856973383745,889.9106426094611,1067.9992437939213,361.03551890247365,1199.989276852033,194.94102281485257,0.0,0
run_wm0p03333_wc0p86667_wt0p1.nc,664.0696391449185,0.03649763759117541,740.5995909087218,1386.71160105213,0.00039488037244285294,1199.9985677101956,191.8380755423416,0.0,1
run_wm1e-05_wc0p93333_wt0p06667.nc,1841.9238448447786,0.04149956419368375,555.78150902406,1694.153341328409,2.3046510026163833,1199.9999169192974,192.38742169743165,0.0,3
run_wm0p4_wc0p06667_wt0p53333.nc,298.1412765351102,0.007232070354714778,790.1396575819871,786.1907655225194,0.007441087277541277,1199.9893522274572,191.69873399448724,0.0,1
run_wm0p4_wc0p43333_wt0p16667.nc,300.3053295860329,0.010586721989235204,792.2400497535491,782.3378802329223,11.268822531169718,1199.9839922057424,191.65404733963206,0.0,1
run_wm0p13333_wc0p46667_wt0p4.nc,398.84894498464746,0.0033437476055610386,774.7988453080097,1031.3034061316675,6.297512983591212e-05,1199.9976114161673,191.71541244659704,0.0,1
run_wm0p13333_wc0p03333_wt0p83333.nc,395.2389778145858,0.011677083504631437,768.659909013756,1002.0231948853465,0.011745013705511953,1199.9963597238211,399.9950683224952,0.0,2
run_wm0p23333_wc0p16667_wt0p6.nc,360.65613905605414,0.007021749803257906,775.4059343514293,927.0021011580393,0.0061694737660184466,1199.993653681657,399.9882896724145,0.0,2
run_wm0p16667_wc0p46667_wt0p36667.nc,377.68294878256063,0.009932066688016486,772.8510337022466,984.338828659039,0.00023679281722265147,1199.9903273052794,191.71002758210136,0.0,1
run_wm0p2_wc0p03333_wt0p76667.nc,364.568513750959,0.018377531754332398,770.1161100551866,981.1608150770514,0.018806305176577203,1199.988356837042,399.98779223600826,0.0,2
run_wm0p2_wc0p46667_wt0p33333.nc,370.6196495300883,0.006070040877183143,777.7976780447865,958.5309809584292,0.00019618655952785533,1199.9925436481863,191.703011315182,0.0,1
run_wm0p7_wc0p2_wt0p1.nc,206.9781642016839,0.008442325675594716,862.9036371332096,1416.8271214977617,361.0067650807384,1199.9799985051482,399.97963404975144,0.0,0
run_wm0p56667_wc0p26667_wt0p16667.nc,242.65973677635836,0.01198815845482274,824.8531201959046,1257.0528153521536,360.99391730057596,1199.9643459657643,361.58117949125096,0.0,0
run_wm0p46667_wc0p43333_wt0p1.nc,281.64407881777663,0.013774831859614332,795.243811469175,1261.8753397454384,361.01190324416467,1199.9905442656784,400.0071535491692,0.0,0
run_wm0p13333_wc0p16667_wt0p7.nc,395.795932484495,0.005628211455382534,764.7406904520615,986.6753195498561,0.0011947800957964343,1199.9976153619837,399.9979784351517,0.0,2
run_wm0p7_wc0p23333_wt0p06667.nc,204.86859983244608,0.005974383599785082,862.916412444607,1412.727756503086,361.00538767316266,1199.9958111465244,399.47979195054495,0.0,0
run_wm0p33333_wc0p63333_wt0p03333.nc,285.8290530644375,79.83218042388319,713.6008521537578,1571.8945286088856,440.83031911392146,1199.995960288745,191.69036585122424,0.0,0
run_wm0p63333_wc0p1_wt0p26667.nc,224.23210732362412,0.0020368885484183716,825.1534211388946,646.1558062048977,0.0021059561059107988,1199.9937277734875,346.8664756835344,0.0,2
run_wm0p73333_wc0p03333_wt0p23333.nc,191.5348625252914,0.01915978227616857,862.8438247726817,691.112874799253,234.33194851899373,1199.9100483510774,384.5620788853478,0.0,2
run_wm0p03333_wc0p06667_wt0p9.nc,660.1591844036288,0.04816145218820356,718.6131103916812,1385.7713432671223,0.0018549347227407031,1199.9933644306823,399.99279297604903,0.0,2
run_wm0p03333_wc0p63333_wt0p33333.nc,660.1753065298029,0.007825555515053484,730.4547617071328,1386.0624407132182,0.00021927850228778715,1199.997776814104,191.83768182065288,0.0,1
run_wm0p53333_wc0p36667_wt0p1.nc,260.6880874858358,0.013039857766864109,824.4367260862934,1455.2575742817746,361.01073153719034,1199.9867829408104,381.57309049239694,0.0,0
run_wm0p43333_wc0p4_wt0p16667.nc,289.81663397466565,0.010630237485295041,795.2465192529146,801.0990700923401,0.011714118459972694,1199.9818630822242,238.0210971341704,0.0,1
run_wm0p23333_wc0p03333_wt0p73333.nc,358.21546205661997,0.017102587162370692,780.0347472617835,954.2932101895511,0.021592519986485405,1199.9881927044382,399.9839027131668,0.0,2
run_wm0p3_wc0p13333_wt0p56667.nc,330.8370167237961,0.007457449315019907,784.1999516252572,862.2297716060735,0.019736711537775294,1199.9904959446633,191.7660632529584,0.0,1
run_wm0p83333_wc0p03333_wt0p13333.nc,148.82603411720535,0.008553698136335459,862.8884250490414,1279.4524887208981,361.0087427570683,1199.9571702717953,337.3771627236023,0.0,0
run_wm0p3_wc0p56667_wt0p13333.nc,333.8906499775966,0.02772043671602016,789.4963700865568,913.9022470129611,0.029973799913591326,1199.9823152517579,191.67013594941002,0.0,1
run_wm0p36667_wc0p23333_wt0p4.nc,307.7173668395535,0.006633370864009408,778.7087850305934,846.1856429473132,0.006195232330877651,1199.9909887147217,191.69559529616572,0.0,1
run_wm0p53333_wc0p13333_wt0p33333.nc,253.47401483671905,0.0044620988655816,795.746544005237,691.1597784606404,0.004288429610499735,1199.9896910253044,288.4212907782741,0.0,1
run_wm0p36667_wc0p4_wt0p23333.nc,310.7733136327521,0.008899161549848714,785.366507141826,856.8561956446756,0.008282188016324134,1199.98231389612,191.68014819091167,0.0,1
run_wm0p36667_wc0p63333_wt1e-05.nc,196.99264181102293,175.1831306527892,751.7122479529779,1399.4299813713155,536.1825770197879,1199.9990737703736,486.1669165646581,0.0,0
run_wm0p1_wc0p7_wt0p2.nc,439.1132991772424,0.029216472879151384,752.7523693008936,1025.9909244306987,0.0006209090282647955,1199.984781751587,191.73784172536696,0.0,1
run_wm0p3_wc0p63333_wt0p06667.nc,333.6851103774156,3.90936183656494,796.9924997967438,1264.6057842774833,364.90411961962894,1199.983242924025,191.67549861337852,0.0,0
run_wm0p23333_wc0p06667_wt0p7.nc,358.93767159726457,0.0032558528714805657,779.0299826104351,925.1351820782909,0.0032491434390005897,1199.9980657401613,399.9968306816933,0.0,2
run_wm0p3_wc0p26667_wt0p43333.nc,333.27118726551436,0.005915018737748296,781.2157747750729,865.6807248557918,0.004540731304265306,1199.9921847770395,191.7017329705201,0.0,1
run_wm0p43333_wc0p2_wt0p36667.nc,288.1318134361335,0.0054570681510853645,783.147168522373,758.4320877149818,0.0042736354107290086,1199.9864403285462,191.69354741244643,0.0,1
run_wm0p13333_wc0p73333_wt0p13333.nc,399.09124859432046,0.061610836099807165,781.0854725210105,980.9266994871642,0.004017996806010893,1199.9802574856417,191.71420872261234,0.0,1
run_wm0p7_wc0p16667_wt0p13333.nc,206.87746829970035,0.00784415132457341,862.8953358647641,1318.3226098746784,361.00575724610934,1199.9707849533518,399.9714607422112,0.0,0
run_wm0p33333_wc0p13333_wt0p53333.nc,318.1999991321425,0.007279923270643693,783.0246234835024,916.4417417513024,0.01089276854107224,1199.9913989952613,191.70692580081274,0.0,1
run_wm0p76667_wc0p03333_wt0p2.nc,184.63283632313446,0.005344553388881063,862.8989430196966,1257.0886736710772,361.0049516871432,1199.9722408004732,377.03808523431206,0.0,0
run_wm0p63333_wc0p26667_wt0p1.nc,227.64988265775162,0.00466005309206796,824.7245643924504,1458.795794115459,361.00383100971135,1199.9926838045794,364.33359564890253,0.0,0
run_wm0p66667_wc0p33333_wt1e-05.nc,140.16878828351153,95.54482170619258,862.9199074064009,1289.681244940091,456.5447494998436,1199.9999539121447,423.35506499783133,0.0,0
run_wm0p43333_wc0p56667_wt1e-05.nc,185.7052369758611,154.89272781606095,776.1749406045609,1377.3616490911286,515.891612408057,1199.996242693316,456.352946753959,0.0,0
run_wm0p4_wc0p36667_wt0p23333.nc,300.29771875884063,0.010431372245628134,783.9004179420093,835.4965572586973,0.010175094335893371,1199.9833192189976,191.6544251443936,0.0,1
run_wm0p03333_wc0p16667_wt0p8.nc,660.1803330960192,0.055808111767405716,740.2193268423542,1385.9571033863567,0.0009110933147426388,1199.9927306479303,399.9959498349106,0.0,2
run_wm0p3_wc0p1_wt0p6.nc,330.83975224280346,0.01868095563779511,783.0212065937301,912.7280901588852,0.018296565767121263,1199.9741536772995,191.8077990661335,0.0,1
run_wm1e-05_wc0p46667_wt0p53333.nc,1784.0437086684292,0.08680344748405766,574.7711708108995,1690.5122439486752,8.4778956435441,1199.9998867630597,399.99988213901713,0.0,3
run_wm0p6_wc0p06667_wt0p33333.nc,234.50565516455902,0.0035371997133972063,810.979201006331,658.38309214388,0.0037246650130648906,1199.9840205856892,352.5481767548707,0.0,2
run_wm0p13333_wc0p86667_wt1e-05.nc,303.0932421382044,215.16810293258212,629.2564195155081,1617.3576582817168,576.1649176941698,1199.9946454625165,191.75709241151895,0.0,0
run_wm0p83333_wc0p1_wt0p06667.nc,132.33879545001642,0.0011577488477747242,889.9187304627692,1265.1278756221914,361.0011210570462,1199.999280807925,319.1354168257248,0.0,0
run_wm0p06667_wc0p63333_wt0p3.nc,542.4428465607606,0.01213140317003719,752.2991328893523,1224.382264353046,0.00024391100010272564,1199.9956637706423,191.7847157174669,0.0,1
run_wm0p8_wc0p2_wt1e-05.nc,97.71207201082888,49.194546363084086,889.9179002597883,1210.4766690885945,410.1944756314388,1199.9998389989523,329.9632677724894,0.0,0
run_wm0p2_wc0p1_wt0p7.nc,364.6743199389092,0.008021635028550654,768.3691816380879,960.1211705373443,0.007640578112201503,1199.9925760500923,399.99255523953155,0.0,2
run_wm0p43333_wc0p1_wt0p46667.nc,287.52277014779986,0.005357415487613434,793.4907885721283,805.2234743144386,0.005168240756794585,1199.9830988713657,191.6971336426613,0.0,1
run_wm0p46667_wc0p5_wt0p03333.nc,252.66892691143525,56.78708829285209,788.3094792330138,1504.4643828610174,417.786146667745,1199.997794699299,429.4674077183847,0.0,0
run_wm0p03333_wc0p53333_wt0p43333.nc,660.2365174573379,0.038407537280609624,740.0050611240493,1384.9987029875451,0.0007590397284634597,1199.9909201004318,399.9601681883379,0.0,2
run_wm0p5_wc0p4_wt0p1.nc,270.19652427142887,0.015536692987389132,795.3576174369141,1342.0555282152895,361.01330854694044,1199.986501925445,392.1072490297602,0.0,0
run_wm0p13333_wc0p6_wt0p26667.nc,399.12950146991307,0.02330311786476265,783.572011923275,979.4544851753992,0.0049513515426861865,1199.9822065317949,191.7254309584837,0.0,1
run_wm0p16667_wc0p2_wt0p63333.nc,374.2696232878657,0.00585327371569667,767.8371459999494,982.499877843675,0.0004836987908664782,1199.9962404117364,399.99464806163206,0.0,2
run_wm0p63333_wc0p36667_wt1e-05.nc,145.07057247709315,108.39909670105104,862.919807963455,1294.0770639766279,469.3989826207132,1199.9999613125374,441.6396989676678,0.0,0
run_wm0p53333_wc0p06667_wt0p4.nc,252.80358918016998,0.0017221200836176466,787.4116292674414,686.3378167451923,0.0017495877244134927,1199.9999988657346,191.64385961298848,0.0,1
run_wm0p1_wc0p2_wt0p7.nc,427.2476417088242,0.004146497180840115,765.6482621646499,1029.6929166688544,9.657689647658235e-05,1199.9988015616516,399.99889572868835,0.0,2
run_wm0p5_wc0p06667_wt0p43333.nc,263.089447049267,0.0035355328824721996,788.5185530248195,708.2070865679364,0.003554063304482862,1199.9975410813581,191.6946801620158,0.0,1
run_wm0p5_wc0p43333_wt0p06667.nc,276.5569924978705,0.15935248043625083,825.2182651339582,1554.7122266962904,361.1569666007676,1199.980475789967,399.30128721318016,0.0,0
run_wm1e-05_wc0p2_wt0p8.nc,1715.5621550400547,0.6443714794027257,551.3294536614288,1628.6324244431794,2.2159143892757505,1199.9971326017,399.99895118391413,5.360411669271809e-10,3
run_wm0p43333_wc0p53333_wt0p03333.nc,260.26870260027334,62.44144283477377,731.3247316992566,1517.9487606826333,423.4403738781148,1199.9961182124914,443.5368863133359,0.0,0
run_wm0p33333_wc0p66667_wt1e-05.nc,207.31102668754102,171.72807117530147,717.5287077707644,1421.466346367502,532.7257357353806,1199.9952072836898,435.29064555426424,0.0,0
run_wm0p4_wc0p1_wt0p5.nc,298.1658580370971,0.004322640039350769,776.7323048971596,781.8121023884333,0.004357106088896997,1199.9966024750988,191.69863336512745,0.0,1
run_wm0p26667_wc0p1_wt0p63333.nc,344.0109249986833,0.0018330565181020667,779.4209028385891,905.568106055102,0.001801957618588369,1199.9985217314259,399.9974217557291,0.0,2
run_wm0p23333_wc0p5_wt0p26667.nc,362.30398105772423,0.007854579988256942,781.352001331913,942.1626699438879,0.0005280549417399316,1199.9909215528291,191.6995996613255,0.0,1
run_wm0p06667_wc0p4_wt0p53333.nc,522.0726606743581,0.0065406629411086555,760.2557522292225,1173.737832280307,0.00010786892212179,1199.9977641920627,399.99876114640495,0.0,2
run_wm0p13333_wc0p76667_wt0p1.nc,399.01910006121847,0.14996844687257374,775.9081319529159,1008.6075510308301,0.10029607762919308,1199.9750840812937,191.71178114390096,0.0,1
run_wm0p3_wc0p4_wt0p3.nc,333.69343032178085,0.00732043311045746,782.1127936931697,917.4960773201528,0.0032259103941478322,1199.987677033625,191.69642281031386,0.0,1
run_wm0p9_wc0p06667_wt0p03333.nc,62.35270224956573,0.0008057400006925038,889.9198714378748,1156.2074318525604,361.000804346459,1199.9998848614646,252.01744215600334,0.0,0
run_wm0p46667_wc0p53333_wt1e-05.nc,179.06248789342945,151.728216025659,824.6827289602352,1361.294966823882,512.7271061479597,1199.9960418112032,447.20531863472945,0.0,0
run_wm0p53333_wc0p4_wt0p06667.nc,264.46490754590593,0.11086476819903375,825.0342410536972,1531.2072563416164,361.10810285837744,1199.9735954793532,391.6123948282897,0.0,0
run_wm0p46667_wc0p33333_wt0p2.nc,280.41040067541775,0.006922841736658918,794.8469240415122,758.1477469646028,0.006321272904891956,1199.983918071901,380.7814041426323,0.0,2
run_wm0p03333_wc0p3_wt0p66667.nc,660.1704584950598,0.031192685332117987,734.0868185045091,1385.8637002178707,0.0005562456902444316,1199.9941747787684,399.99764484144015,0.0,2
run_wm0p06667_wc0p7_wt0p23333.nc,542.4637539528095,0.018475157554811786,765.1377750225536,1222.6533239080015,0.0006435720092815355,1199.993097861813,191.78752279621148,0.0,1
run_wm0p6_wc0p23333_wt0p16667.nc,235.20487090153932,0.007915856988312594,824.7973134934016,1257.0741000557398,361.00139116327153,1199.9678124285956,370.08942309396906,0.0,0
run_wm0p13333_wc0p1_wt0p76667.nc,395.23067572914107,0.0062033307861158,767.225149889517,982.532441078816,0.005678114994894425,1199.995911605605,399.99702476994196,0.0,2
run_wm0p16667_wc0p83333_wt1e-05.nc,285.84040704656627,154.58331777143025,677.1907277817049,1578.31887524095,515.5801960350248,1199.9964840785892,191.72404629356728,0.0,0
run_wm0p16667_wc0p5_wt0p33333.nc,378.25898976035177,0.006484875019120323,766.2007790261432,972.1788010517621,0.00014488744163694857,1199.9953656367363,191.70818904292648,0.0,1
run_wm0p3_wc0p03333_wt0p66667.nc,330.0932335510006,0.004109312149263933,786.2961179356416,928.2748454413519,0.004298914836452225,1199.9970328752577,399.9951072868542,0.0,2
run_wm0p36667_wc0p13333_wt0p5.nc,307.6549143843572,0.019251219099248446,784.6402392276311,820.0732146310559,0.018935359784744945,1199.9677729192967,191.69561917559753,0.0,1
run_wm0p3_wc0p46667_wt0p23333.nc,333.689092344257,0.006100960856793917,793.1950789958555,881.422927465024,0.004603095843258666,1199.9923954776832,191.6939592029269,0.0,1
run_wm0p13333_wc0p13333_wt0p73333.nc,395.30250503385724,0.029360944950244123,772.6354907331696,998.8010744302258,0.0203023803354636,1199.9724274203143,399.98349780153507,0.0,2
run_wm0p73333_wc0p13333_wt0p13333.nc,194.4530572739752,0.008328967362946272,862.8928435120226,1328.4731288990013,361.0067945199928,1199.9654677547671,387.87264435604243,0.0,0
run_wm0p5_wc0p1_wt0p4.nc,264.4951028512237,0.003677489080988877,798.1983717168004,713.6851852201066,0.0035779888585481755,1199.9912821370262,191.69069410715278,0.0,1
run_wm0p93333_wc0p03333_wt0p03333.nc,9.513112143047131,0.02892513389326395,889.8944015708292,1074.8425568535358,361.02970635200813,1199.9689711575165,193.4481054901339,0.0,0
run_wm0p13333_wc0p26667_wt0p6.nc,396.7903299924993,0.0028017529514682417,761.5854907179196,976.1332422445676,6.1518627025717e-05,1199.9992006993614,399.99842699366013,0.0,2
run_wm0p7_wc0p06667_wt0p23333.nc,202.7450744746056,0.010010352099021496,826.1429690607396,601.9117778686339,71.74700765137611,1199.9335835792679,336.56589850647714,0.0,2
run_wm0p33333_wc0p03333_wt0p63333.nc,317.01570774951807,0.005896048484672711,781.9010042318608,856.7460293632405,0.007397552904340373,1199.9946902975796,259.6860646426672,0.0,1
run_wm0p63333_wc0p03333_wt0p33333.nc,222.8455943574116,0.00355676976958481,801.7237957022032,644.1168420410891,0.003886800742723631,1199.9958804332077,339.6391454765726,0.0,2
run_wm0p13333_wc0p63333_wt0p23333.nc,399.12365474866226,0.009184836913345885,791.2431442348975,995.903691765223,0.00023673394975765394,1199.9937675578367,191.7156698467895,0.0,1
run_wm0p46667_wc0p23333_wt0p3.nc,277.3959962786502,0.003187750836396675,787.9705448622519,741.6663966845354,0.0024503147422983355,1199.995427205748,191.6522685746377,0.0,1
run_wm0p23333_wc0p63333_wt0p13333.nc,363.162083888186,0.021909720987698264,786.6578809248011,974.2972005930931,0.020777563987609146,1199.9901419550233,191.6963357591363,0.0,1
run_wm0p36667_wc0p46667_wt0p16667.nc,310.8038800589479,0.00901242873464744,793.2530688667439,802.247930135389,0.009929436455277371,1199.9866876512936,191.6622955621962,0.0,1
run_wm0p03333_wc0p5_wt0p46667.nc,660.2512168980147,0.044952518334619364,738.7153142731337,1385.651874456472,0.0009692570093617448,1199.9905039549337,399.99160091090636,0.0,2
run_wm0p03333_wc0p03333_wt0p93333.nc,652.0650126304928,0.05987366058281103,726.290684981089,1375.711074128417,0.04116167113497002,1199.992882449919,399.9881894060688,0.0,2
run_wm0p26667_wc0p4_wt0p33333.nc,348.54857449239046,0.013886377470799344,779.1167675558547,880.8513213943049,0.0011298425073335368,1199.9814334441503,191.69700507654284,0.0,1
run_wm0p96667_wc0p03333_wt1e-05.nc,0.01044811309372843,0.002204279984359124,889.9186621587078,1036.005968915253,361.00227641746545,1199.9983617974801,194.9092782539895,0.0,0
run_wm0p2_wc0p63333_wt0p16667.nc,370.6107049153457,0.01428335149475642,788.5247300815544,932.0787227925905,0.002272132911775554,1199.9916642020378,191.69983674743216,0.0,1
run_wm0p16667_wc0p26667_wt0p56667.nc,374.3856409194299,0.002340135540170123,764.3562924821068,956.74218519741,9.792637140752889e-05,1199.9995914727149,399.9976308921058,0.0,2
run_wm0p53333_wc0p2_wt0p26667.nc,254.04099227633384,0.00111238274818057,797.745053816085,694.4298827737214,0.0010547200044518196,1199.9988286515452,374.1965734291576,0.0,2
run_wm0p2_wc0p26667_wt0p53333.nc,367.8508233194617,0.0026389555125862236,776.65765374563,926.9762965770706,0.0001438422195393177,1199.9984533822503,259.97014274172125,0.0,1
run_wm0p03333_wc0p6_wt0p36667.nc,660.1609741363368,0.027810973671165386,743.7231928951234,1385.8898471094772,0.0007128853570415544,1199.9931714811928,191.99568120554198,0.0,1
run_wm0p06667_wc0p2_wt0p73333.nc,484.26885234649154,0.013045269332456219,758.0196081287443,1097.2752802293355,0.0003007576012743969,1199.99534419358,399.9977724191964,0.0,2
run_wm0p36667_wc0p43333_wt0p2.nc,310.7805303307652,0.010762503208272111,779.2238451090524,856.7215716374438,0.010423087964019211,1199.9839352105798,191.67127265615775,0.0,1
run_wm0p23333_wc0p66667_wt0p1.nc,363.1541120518233,0.04544995914920171,789.5150156570166,912.2800430026299,0.05447348752269052,1199.9883455363931,191.69210512339168,0.0,1
run_wm0p1_wc0p46667_wt0p43333.nc,432.602482142242,0.0018698164507108342,756.1882357941493,1016.1065881811624,2.4431899107839386e-05,1199.9995303588726,191.90233123996424,0.0,1
run_wm1e-05_wc0p16667_wt0p83333.nc,1716.4624480374146,0.4864727205749511,521.9000197923547,1628.6364712727832,1.311724685557732,1199.9984438712181,399.999463201578,3.6590453106927887e-10,3
run_wm0p26667_wc0p26667_wt0p46667.nc,348.1253562082252,0.007103431226358947,777.6697159139899,931.8260450207067,0.0035614559539815798,1199.991515299558,191.70591821571378,0.0,1
run_wm0p4_wc0p26667_wt0p33333.nc,299.5798547382637,0.002148576225540614,784.5636552675617,811.2166468187792,0.0020802891447658832,1199.997470517465,191.69799801698449,0.0,1
run_wm0p1_wc0p06667_wt0p83333.nc,425.01662858868724,0.010884860665197222,763.3407522768698,1002.4726413962824,0.010457423570120772,1199.9964376258727,399.99672897522305,0.0,2
run_wm0p33333_wc0p2_wt0p46667.nc,318.1912898812742,0.006328984096341209,782.7157214041058,816.0126268871338,0.00614941077598297,1199.9875125790484,191.69935023563508,0.0,1
run_wm0p36667_wc0p6_wt0p03333.nc,274.34385955183876,76.35769542891317,723.7935246925066,1549.0717777955003,437.35398027445785,1199.9919537919595,448.96279409691584,0.0,0
run_wm0p46667_wc0p26667_wt0p26667.nc,277.42509014204234,0.0033295720599114736,778.7906043545996,730.925484669923,0.002452063495339723,1199.9928320325998,191.64917340939348,0.0,1
run_wm1e-05_wc0p56667_wt0p43333.nc,1784.734929202043,0.1923300529385239,570.1904905148647,1679.8796945944523,17.829527837154473,1199.9998574652034,399.9985151787172,2.7626511299881045e-10,3
run_wm0p6_wc0p16667_wt0p23333.nc,235.1138360943175,0.004695451556371283,826.8352169717654,655.8126013521504,0.006068535869346367,1199.9820587284496,353.2273234233865,0.0,2
run_wm0p5_wc0p36667_wt0p13333.nc,265.93736569727736,0.009744825844989653,799.9247280089696,1257.0945128355509,361.0052543368352,1199.982144028418,387.3819476373486,0.0,0
run_wm0p4_wc0p4_wt0p2.nc,300.30383295072323,0.012454192992362436,792.6786445437284,782.7440762841337,0.01253448646579084,1199.9796048265032,191.64929778884078,0.0,1
run_wm0p53333_wc0p26667_wt0p2.nc,256.0296511376748,0.004082026077592483,803.4937809662595,695.706902026116,0.00573047025244156,1199.987070520257,376.4036065064815,0.0,2
run_wm0p06667_wc0p23333_wt0p7.nc,484.484179831392,0.008749360768222157,740.0657786064048,1125.3782529220784,0.00010331840358684288,1199.9994196018051,399.99913819769597,0.0,2
run_wm0p53333_wc0p43333_wt0p03333.nc,239.6691128078391,42.94082414458333,824.6673278974415,1480.9640684982423,403.9376765232275,1199.9862304559288,401.2053414658965,0.0,0
run_wm0p36667_wc0p33333_wt0p3.nc,309.67357787301023,0.0014302133217370828,786.6181996051935,881.5045111301266,0.0013368545473420744,1199.9976868986937,191.69938416176655,0.0,1
run_wm0p3_wc0p33333_wt0p36667.nc,333.2589840329432,0.009097221245064657,777.5524430247193,888.244586887748,0.0039555818833156,1199.9844332189953,191.69687174089856,0.0,1
run_wm0p03333_wc0p9_wt0p06667.nc,663.3664742815746,0.6303647138961868,750.9151895640609,1386.6937698634695,0.010007820484708272,1199.9893522961863,191.83835903323728,0.0,1
run_wm0p03333_wc0p43333_wt0p53333.nc,660.2033579631917,0.04151060739275077,734.0573526852679,1385.465460259927,0.0008569753964260791,1199.9918906122568,399.9964910293643,0.0,2
run_wm0p46667_wc0p13333_wt0p4.nc,276.3739680784696,0.002629303645955781,791.5651606425117,795.6752931327777,0.0024579881448487067,1199.9958865045878,191.6961117141803,0.0,1
run_wm0p23333_wc0p46667_wt0p3.nc,362.3234526022622,0.010064630108164547,783.5413344658562,943.2552701832203,0.0004134457951608066,1199.9887619673195,191.70023783536215,0.0,1
run_wm0p66667_wc0p2_wt0p13333.nc,217.75409649656288,0.005912937059161128,862.8967456188138,1264.1138843560998,361.00366500372616,1199.9831875775737,353.3951282507885,0.0,0
run_wm1e-05_wc0p83333_wt0p16667.nc,1840.5030989105326,0.20110228920289658,581.9752313165712,1734.8568721633396,5.913911362370331,1199.9987970932468,192.3887142550227,2.2719352142470682e-10,3
run_wm0p13333_wc0p56667_wt0p3.nc,399.12444896182944,0.009391975054881518,772.7030166636861,990.6693374821759,0.00021103770478321388,1199.9925777474082,191.7181874630968,0.0,1
run_wm0p1_wc0p3_wt0p6.nc,429.4432417181011,0.004849979264306084,777.5138036251556,1018.98472515992,7.637231964941862e-05,1199.9987300597402,399.9985593202355,0.0,2
run_wm1e-05_wc0p66667_wt0p33333.nc,1840.8399109838858,0.04794913586998745,566.0724168632667,1735.099695722431,5.079900324500808,1199.9999435721193,192.55690568866007,0.0,3
run_wm1e-05_wc0p23333_wt0p76667.nc,1716.126831604332,0.8916989781646663,587.9505399167142,1655.3777567005943,6.077322213931378,1199.9976176724792,399.9995850074874,4.930395901475166e-10,3
run_wm0p6_wc0p2_wt0p2.nc,235.20063032518996,0.009777291115383923,825.0831303655935,654.5389628005498,47.52410435934753,1199.9560937051083,358.9905103051037,0.0,2
run_wm0p4_wc0p53333_wt0p06667.nc,306.38366196052436,1.0142077195582668,759.8466467620651,1562.399178642317,362.011329601118,1199.9862200527307,400.99506531273215,0.0,0
run_wm0p56667_wc0p3_wt0p13333.nc,244.54948570020986,0.013374825745830845,824.7204071010194,1257.0902185650566,361.0066649085902,1199.9767929631405,369.40769089551895,0.0,0
run_wm0p4_wc0p16667_wt0p43333.nc,299.2478439668945,0.011034708820563944,780.8882734747385,829.9773951286509,0.01085598330062077,1199.987409559224,191.69184053996042,0.0,1
run_wm0p5_wc0p5_wt1e-05.nc,175.06516426623858,143.68017637975308,825.4432099173124,1355.3260955692913,504.67939423455357,1199.9968427410477,435.5515418340262,0.0,0
run_wm1e-05_wc0p4_wt0p6.nc,1784.7870217845698,0.5621169096141287,560.3482284072376,1685.3683954006956,5.640710803441816,1199.9945092664059,399.9976315034259,8.501118253438223e-10,3
run_wm0p8_wc0p16667_wt0p03333.nc,147.6297841968419,0.010304747077319163,862.9160490639315,1297.1712585796997,361.0097926565851,1199.9949442004752,336.07371330684714,0.0,0
run_wm0p33333_wc0p33333_wt0p33333.nc,320.2875634243622,0.00112912926441723,782.8349779409896,902.484853473078,0.0008005962982673917,1199.9987934186322,191.70015815494241,0.0,1
run_wm0p83333_wc0p06667_wt0p1.nc,142.15931331632603,0.001724212914172189,889.9120104889668,1285.5736211155745,361.00166936258995,1199.9971480880356,330.01433115813103,0.0,0
run_wm0p23333_wc0p56667_wt0p2.nc,363.16099785738083,0.024090380653317874,783.8666151184934,927.1168284650636,0.0030878088582983573,1199.9741420915275,191.69676865665855,0.0,1
run_wm0p3_wc0p5_wt0p2.nc,333.69012851361947,0.01164093076921445,784.0598003395443,882.2617316103042,0.010787204517530576,1199.9852304418716,191.69249009874784,0.0,1
run_wm0p46667_wc0p03333_wt0p5.nc,275.79943711413335,0.0022078916775383137,786.0407778620801,786.138815577508,0.002764247094914459,1199.9970233667257,191.6992235853492,0.0,1
run_wm0p76667_wc0p13333_wt0p1.nc,184.37301149021812,0.014175865237290315,862.8911876290673,1370.6397787250498,361.0122525602013,1199.9629562912348,376.68753436879376,0.0,0
run_wm0p03333_wc0p73333_wt0p23333.nc,660.8484102349566,0.04186716918817307,733.8615200649496,1386.1363900674298,0.0011464666276442283,1199.9911506410292,191.84604970352885,0.0,1
run_wm0p1_wc0p33333_wt0p56667.nc,430.4490294401151,0.005994283706062037,765.9807089303565,1062.762425580396,9.047111245143297e-05,1199.9977083596175,399.9979072404963,0.0,2
run_wm0p1_wc0p76667_wt0p13333.nc,439.29026878057226,0.07498120189523334,744.2378846279847,1118.1325821277662,0.003975671194355957,1199.9824968814726,191.7349005502366,0.0,1
run_wm0p06667_wc0p8_wt0p13333.nc,542.4482527462383,0.045999458827429916,735.5474937585454,1224.4053136253688,0.0007056646056077446,1199.9900922351158,191.78265547810767,0.0,1
run_wm0p83333_wc0p13333_wt0p03333.nc,121.47430546413237,0.0010207255640253907,889.9196925711381,1246.4266319487024,361.0009887527295,1199.9998361489102,307.0991938137973,0.0,0
run_wm0p23333_wc0p13333_wt0p63333.nc,360.6418310756307,0.006917073988375818,781.6557844036585,948.0461463221379,0.006512274047963103,1199.9929420246192,399.99174637919776,0.0,2
run_wm0p06667_wc0p33333_wt0p6.nc,506.95408228140366,0.0180967087796157,761.6161029267548,1145.6601627378257,0.0003392110128361048,1199.9931103334054,399.99647479269146,0.0,2
run_wm0p2_wc0p5_wt0p3.nc,370.6073263120654,0.009199168442600441,782.7681609908458,933.1584058684379,0.0002924101398486709,1199.991551989858,191.70579048250772,0.0,1
run_wm0p63333_wc0p3_wt0p06667.nc,229.19065234587828,0.037728652871301734,862.8887779907292,1458.7507381446578,361.0350985599237,1199.9820904215828,366.07637798467596,0.0,0
run_wm0p06667_wc0p36667_wt0p56667.nc,506.80183286979843,0.0024082371076836516,747.1821127417379,1169.9557417956876,2.459485995822496e-05,1199.9999425377466,399.99973007075175,0.0,2
run_wm0p73333_wc0p1_wt0p16667.nc,194.1952830124623,0.004202450618463478,862.9031527438866,1261.455688907693,361.0034695590536,1199.978647646617,387.63913925923714,0.0,0
run_wm0p56667_wc0p36667_wt0p06667.nc,252.66451115713107,0.05434430980126839,824.3631303327293,1507.1775382436022,361.05255972907054,1199.9830104054085,389.49959972915485,0.0,0
run_wm0p26667_wc0p56667_wt0p16667.nc,350.23258671721294,0.013372823299428294,782.9645701293217,911.7806362411344,0.01181133862294671,1199.9916477129905,191.692059055344,0.0,1
run_wm0p2_wc0p56667_wt0p23333.nc,370.61973038015975,0.02608735423153637,786.9855384014993,940.7799239200334,0.0008268673002518451,1199.9768804008734,191.70538238086206,0.0,1
run_wm0p16667_wc0p56667_wt0p26667.nc,378.21748292232655,0.022715353573263704,774.8853444581723,947.2140174821159,0.0006998663408541776,1199.9793682548311,191.71049269857846,0.0,1
run_wm0p2_wc0p13333_wt0p66667.nc,364.6756684640139,0.010935737018278874,774.0956210543947,972.4485448799475,0.009990460052417079,1199.9895449055875,399.98936720709185,0.0,2
run_wm0p56667_wc0p06667_wt0p36667.nc,240.56740169710466,0.005104893712267527,799.5956059292339,663.2821168516242,0.00519641303377352,1199.990869768351,288.8359833759904,0.0,1
run_wm0p53333_wc0p1_wt0p36667.nc,253.46596364051703,0.010767506966590125,802.2245463994218,714.030721783881,0.010526792990040132,1199.9520476427258,191.63129646265782,0.0,1
run_wm0p16667_wc0p66667_wt0p16667.nc,378.22221970746534,0.0488768852492284,784.2854804523049,952.4342069504008,0.02083841042253643,1199.975261345833,191.70506491858745,0.0,1
run_wm0p2_wc0p23333_wt0p56667.nc,367.4712280808004,0.008406433488133963,770.3305451065889,935.7559100948981,0.000966712659742843,1199.9938354656208,399.9826172659297,0.0,2
run_wm0p43333_wc0p3_wt0p26667.nc,288.6104434927438,0.0067967463736958115,791.4681956938789,763.1213489230527,0.0045763791727210495,1199.979103167904,191.64926989531133,0.0,1
run_wm0p2_wc0p66667_wt0p13333.nc,370.6308474485261,0.03364877471025769,786.0665966980889,926.6761924772708,0.027699573893471302,1199.9880698110805,191.69745801608283,0.0,1
run_wm0p36667_wc0p06667_wt0p56667.nc,307.36292646226696,0.010630314942032083,780.0014829556915,806.6649047767527,0.010824183169738382,1199.9796290461613,191.70526373965075,0.0,1
run_wm0p73333_wc0p16667_wt0p1.nc,194.4329324287068,0.018492486827901927,862.8849764997826,1389.7570989723217,361.0148221756419,1199.9558824052458,387.79186332449785,0.0,0
run_wm0p86667_wc0p13333_wt1e-05.nc,63.8684702130433,29.29851103747887,889.9199608842359,1148.5459131799812,390.29849872502217,1199.9999913425972,282.99249674920986,0.0,0
run_wm0p13333_wc0p4_wt0p46667.nc,398.841092539277,0.007975330065209623,772.1540147568611,1011.3487800572592,0.00015887192482420449,1199.9944100756968,191.87973297321528,0.0,1
run_wm0p6_wc0p4_wt1e-05.nc,152.60848934761168,120.23196173249787,862.9127404916019,1308.956810662809,481.2313212965496,1199.998714451048,401.4524307354917,0.0,0
run_wm0p13333_wc0p23333_wt0p63333.nc,396.7864187274991,0.011869836298770397,761.4757970781816,990.4125703999383,0.00037400744293358254,1199.995872295818,399.9949404256634,0.0,2
run_wm0p13333_wc0p83333_wt0p03333.nc,364.7080418775398,63.72032983681639,784.6883354268008,1257.096640057388,424.70542959051954,1199.9870552291109,191.71998590119549,0.0,0
run_wm0p23333_wc0p23333_wt0p53333.nc,360.9649544844349,0.0022187118862996517,778.8488959380988,953.9073699546927,0.0008845022297898546,1199.998040302614,191.86808138897825,0.0,1
run_wm0p73333_wc0p23333_wt0p03333.nc,188.7192215025806,0.031206730309221272,862.9112887294568,1374.9174599441799,361.030070708963,1199.989086719726,381.5520851950526,0.0,0
run_wm0p03333_wc0p36667_wt0p6.nc,660.1885966709746,0.035862139401580555,736.2227429367301,1385.868147690819,0.0008555014783384816,1199.9931457708278,399.9973968888612,0.0,2
run_wm0p8_wc0p1_wt0p1.nc,169.46265872815638,0.003850114378324945,862.9117020556369,1340.0309648045722,361.003613164291,1199.9890175194423,360.2625284027559,0.0,0
run_wm0p43333_wc0p23333_wt0p33333.nc,288.3068677928539,0.008530397576868432,780.3575351058987,802.355508303401,0.005703306761485766,1199.9770572402108,191.6746350854724,0.0,1
run_wm0p7_wc0p03333_wt0p26667.nc,201.50435242653725,0.0031371769852032057,825.687436182841,603.7216427648696,0.0036242172085184203,1199.9883992791517,332.79634237577426,0.0,2
run_wm0p33333_wc0p43333_wt0p23333.nc,320.92295159966,0.006103776279553961,793.0425471134416,823.9087176392754,0.005509304155680648,1199.9889028377481,191.6957900567855,0.0,1
run_wm1e-05_wc0p13333_wt0p86667.nc,1716.3866562417752,0.43999659447315254,568.0071167343484,1672.8701700318195,3.9572099262798894,1199.9994339976474,399.99988863501284,2.0899169713625385e-10,3
run_wm0p1_wc0p43333_wt0p46667.nc,432.6315871857245,0.004112187204395985,761.4156754887495,1045.2946277476108,5.180736283312386e-05,1199.9988577457598,260.31547805002657,0.0,1
run_wm0p16667_wc0p53333_wt0p3.nc,378.223647463266,0.007844250040884968,791.2842458775441,971.1945818464476,0.0002064142334401259,1199.9927177642958,191.707603902218,0.0,1
run_wm1e-05_wc1e-05_wt1p0.nc,1634.9959089396666,63.90219943548429,581.3356869447183,1628.6272076033638,39.31208828687135,1199.9972450414168,394.99780993857274,4.81962761711897e-10,3
run_wm0p26667_wc0p53333_wt0p2.nc,348.5629146740562,0.007195875629729488,785.9269750076903,930.1285023181179,0.005387720995961502,1199.9932748549759,191.6982881360623,0.0,1
run_wm0p5_wc0p2_wt0p3.nc,264.8338271549511,0.002983694947194161,797.1343569393125,721.315714298397,0.0027167586791807864,1199.9925054774585,191.64654924490142,0.0,1
run_wm0p46667_wc0p4_wt0p13333.nc,280.53857303906966,0.01050767444962845,792.7681628973959,1257.0951653164764,361.00147983256124,1199.9858752776388,399.9927825353158,0.0,0
run_wm0p43333_wc0p06667_wt0p5.nc,287.50828947077207,0.005584048303769957,789.4572359505321,815.2573436199918,0.005517272381086813,1199.989898207933,191.69769366269705,0.0,1
run_wm0p86667_wc0p03333_wt0p1.nc,113.70894215296714,0.0032658860918754304,889.9148636035736,1227.567670436923,361.0033694503466,1199.994574505919,298.4853656288711,0.0,0
run_wm0p66667_wc0p1_wt0p23333.nc,216.3884123917756,0.012386703899719813,824.8834605026334,625.4856523608481,0.02017507995579388,1199.9398308526988,349.1252244802397,0.0,2
run_wm0p06667_wc0p46667_wt0p46667.nc,541.5095302789058,0.0312580425467996,752.6091219945896,1219.401144852385,0.0005675366520758036,1199.9866108040314,399.9798005627745,0.0,2
run_wm0p9_wc0p03333_wt0p06667.nc,79.4750015866228,0.011406838726281582,889.9090065343531,1183.5255994477543,361.01171093171394,1199.9872918739925,270.9543134713692,0.0,0
run_wm0p36667_wc0p36667_wt0p26667.nc,310.77005161848365,0.007619939992699947,788.9721160590423,823.498729114585,0.006854216340078484,1199.9860931986339,191.6833898224902,0.0,1
run_wm0p56667_wc0p43333_wt1e-05.nc,161.77807948555267,123.27846414541526,824.3638452651496,1322.2073708167566,484.2779673981355,1199.9984617748635,409.10624633509445,0.0,0
run_wm0p46667_wc0p2_wt0p33333.nc,277.40111436411115,0.008357086577372476,792.3927947189002,777.0900414132361,0.007422253074088957,1199.9777266493422,191.64469593349972,0.0,1
run_wm0p33333_wc0p36667_wt0p3.nc,320.91959590805067,0.004919219526616739,778.8294282300601,923.6387474179069,0.003664126912727703,1199.9927947190754,191.69603149976393,0.0,1
run_wm0p33333_wc0p4_wt0p26667.nc,320.9254372764966,0.004388339687664731,789.2072918029411,824.4035358945953,0.0037189801734409875,1199.9904197824217,191.6967629468765,0.0,1
run_wm1e-05_wc0p8_wt0p2.nc,1836.2211883631383,0.2857962437140626,552.1187311336301,1701.9174544057528,7.773229458097662,1199.999663230733,192.38868562604586,4.731283656104657e-10,3
run_wm0p43333_wc0p13333_wt0p43333.nc,288.1175476812056,0.015949694085868077,791.2156433222178,841.7108244924237,0.014677074393934666,1199.953517792214,191.6855061594467,0.0,1
run_wm1e-05_wc0p6_wt0p4.nc,1781.590739376708,0.11868479467978317,586.2582173019047,1706.6555676825033,8.776197645350912,1199.999764600911,373.75255799054383,1.6131507013922215e-10,3
run_wm0p73333_wc0p26667_wt1e-05.nc,123.74684693738928,74.32575645906012,862.919946748921,1239.4654219329982,435.3256512248411,1199.9999958912672,383.93866982620614,0.0,0
run_wm0p23333_wc0p76667_wt1e-05.nc,241.10190735070196,171.58216428231157,689.2367629811998,1494.5640931702894,532.5787558808172,1199.9955957130423,191.70709748455388,0.0,0
run_wm0p43333_wc0p16667_wt0p4.nc,288.10974535505943,0.005496450862949285,786.9939078180976,826.0485737637357,0.004941567414892846,1199.9862576617295,191.69414068159222,0.0,1
run_wm0p5_wc0p46667_wt0p03333.nc,244.64915109866718,50.05524678132013,826.4031912450014,1490.1800722682049,411.0543584355214,1199.995178528574,413.8490752625303,0.0,0
run_wm0p26667_wc0p43333_wt0p3.nc,348.5450970742383,0.006648015778892481,775.1983197668138,962.3445021676794,0.0005063755987720252,1199.99194407096,191.698477132346,0.0,1
run_wm0p5_wc0p03333_wt0p46667.nc,263.0805403298318,0.006424753067796723,798.1890141068078,754.8822012830262,0.006762863551597834,1199.9914109093536,191.69300957231965,0.0,1
run_wm0p86667_wc0p1_wt0p03333.nc,95.69777089584582,0.005225177064122628,889.9176003357818,1213.9299147284894,361.0051347945727,1199.9975105517137,278.52387751482354,0.0,0
run_wm0p3_wc0p43333_wt0p26667.nc,333.69341435833667,0.007175834966469951,783.1851066664235,851.434724735877,0.005475071342261221,1199.9905860710883,191.69639435017186,0.0,1
run_wm0p3_wc0p06667_wt0p63333.nc,330.6713382609363,0.0076724091044144795,782.317932413053,840.546383076855,0.007734739139133367,1199.9891804995816,399.9717660201875,0.0,2
run_wm0p13333_wc0p53333_wt0p33333.nc,398.9440226485974,0.00975916269803737,773.4114974405474,997.8459981875574,0.000215300614974345,1199.9939952765526,191.71926050120254,0.0,1
run_wm0p53333_wc0p33333_wt0p13333.nc,259.1486990170308,0.014633952606798298,824.3305111895928,1257.0758646920335,361.0076534221414,1199.9671580427748,379.85431293305135,0.0,0
run_wm0p13333_wc0p2_wt0p66667.nc,396.7797620676628,0.006180879165630846,768.4535726717324,992.219344742974,0.00039257698020295483,1199.997344682947,399.9970764140519,0.0,2
run_wm0p2_wc0p7_wt0p1.nc,370.62510567800285,0.0398380976913287,789.0635252833331,951.2934819262523,0.03937768339178189,1199.9914821740172,191.69812146258423,0.0,1
run_wm0p6_wc0p26667_wt0p13333.nc,235.3612614319999,0.010192310731225595,824.7002964713375,1264.0051332724734,361.0056569155166,1199.977644697897,370.30166900525603,0.0,0
run_wm0p16667_wc0p6_wt0p23333.nc,378.2156298902976,0.017336873007925396,781.5948756643112,956.189753323903,0.0005090003587915309,1199.987243714495,191.70959642891583,0.0,1
run_wm0p03333_wc0p26667_wt0p7.nc,660.280646033975,0.05664303588800418,730.8914620765091,1385.6813864711028,0.0008982830575482955,1199.991276514449,399.9967538195296,0.0,2
run_wm0p56667_wc0p23333_wt0p2.nc,241.91812236161883,0.0037742842060618674,800.9814179419648,667.9763316699141,57.97500552589947,1199.9917231081931,360.76795924723535,0.0,2
run_wm0p43333_wc0p5_wt0p06667.nc,297.288740920543,0.7599564616510377,759.1256012077872,1595.4097861211658,361.75797143125925,1199.9826286268267,400.7499162510158,0.0,0
run_wm0p9_wc0p1_wt1e-05.nc,42.087550399643774,0.6432213477786193,889.9185002118895,1157.6175286960156,361.64315334124296,1199.9983708582624,230.1996345008783,0.0,0
run_wm0p06667_wc0p93333_wt1e-05.nc,392.9547878884591,259.0676702435717,535.0485016837383,1721.475435154354,620.0541335453003,1199.9907483123977,191.81802061226102,0.0,0
run_wm0p46667_wc0p1_wt0p43333.nc,276.3561523911294,0.0029869718396008014,795.3663770715448,744.7090850330558,0.0028911012831544687,1199.9929632343578,191.6977966997917,0.0,1
run_wm0p33333_wc0p46667_wt0p2.nc,320.9311691734956,0.014799003811063744,789.4785941526424,866.6018328260525,0.014612448369992613,1199.9791025748673,191.66545372076308,0.0,1
run_wm0p26667_wc0p63333_wt0p1.nc,350.1838415076653,0.07062839876820948,788.9000298378038,909.6441117821201,175.87417656003777,1199.9754992042692,191.67615626923163,0.0,1
run_wm0p8_wc0p13333_wt0p06667.nc,158.69115909945893,0.0014102608442167852,862.9187768052656,1318.0928331540313,361.00130021625785,1199.998426425185,348.3349594978768,0.0,0
run_wm0p4_wc0p13333_wt0p46667.nc,298.1457278121328,0.013457940948038693,785.4515426457972,794.4259820505166,0.013370754590304111,1199.9771782862877,191.69173197021064,0.0,1
run_wm0p23333_wc0p6_wt0p16667.nc,363.1824037630612,0.03169881761121815,775.3811498877161,933.3723563824586,0.022536522466545705,1199.9793741130763,191.69535075249053,0.0,1
run_wm0p26667_wc0p2_wt0p53333.nc,346.85696298494383,0.00423357691469398,779.0105797087443,888.2460520566145,0.0037493469606987564,1199.996068124949,191.73758905284166,0.0,1
run_wm0p4_wc0p56667_wt0p03333.nc,266.389994607886,65.4870027218999,728.2543029018907,1534.3138313961836,426.48473716643474,1199.9904283688654,453.3378260796738,0.0,0
run_wm1e-05_wc0p3_wt0p7.nc,1717.03283992022,0.1931874061197604,573.4484549207226,1681.3525203671431,1.6231177748772245,1199.999330291519,399.99972730871787,1.7758582390826003e-10,3
run_wm1e-05_wc0p86667_wt0p13333.nc,1839.4713389272479,0.4889068478227971,564.2644328560771,1704.6914374785326,11.370428512347397,1199.99785886609,192.3894709606914,5.67316491818162e-10,3
run_wm1e-05_wc0p26667_wt0p73333.nc,1716.990520345045,0.2958286283175696,588.5410221648675,1657.1659048917088,3.7369582523761813,1199.999518962121,399.99987534867705,1.5553895028824552e-10,3
run_wm1e-05_wc0p63333_wt0p36667.nc,1826.169324499582,0.13512407213880645,564.3444290992151,1741.4991350655375,3.893748380956766,1199.9994413352742,194.361305821236,1.7480920981062668e-10,3
run_wm0p3_wc0p6_wt0p1.nc,334.2562231934931,0.026103841382326406,785.5685227774434,901.4993630132403,217.33823872197385,1199.9922925416556,191.6761857584648,0.0,1
run_wm0p26667_wc0p16667_wt0p56667.nc,346.80765271028537,0.005538272005125276,784.904767233734,986.7541936431494,0.005326853783152287,1199.991959164192,191.8540496542541,0.0,1
run_wm0p36667_wc0p3_wt0p33333.nc,309.5087277648844,0.0010610167632047155,771.5158206147796,798.900904992447,0.0009326385156989559,1199.9999608647372,191.6997633281865,0.0,1
run_wm0p2_wc0p16667_wt0p63333.nc,364.7430869991457,0.007169657163732736,772.8891211752231,913.8594811511726,0.005603571377814743,1199.9928800208727,399.9924506035326,0.0,2
run_wm0p2_wc0p53333_wt0p26667.nc,370.62488747677867,0.014386903431922385,787.8405673734943,943.755405080572,0.0005036892599250205,1199.9854036829545,191.7047040080633,0.0,1
run_wm0p43333_wc0p26667_wt0p3.nc,288.6430025179268,0.004299441866542662,781.649017558474,760.8146792900073,0.0025801925517047707,1199.990135970228,191.65649326189254,0.0,1
run_wm0p16667_wc0p16667_wt0p66667.nc,374.26699388949686,0.004109893889728587,767.8397738837509,979.1938957323271,0.0033744049127944994,1199.9980407155408,399.99700985740355,0.0,2
run_wm0p46667_wc0p16667_wt0p36667.nc,276.6950884287913,0.00029753259841714975,786.6486615894023,741.1567892179692,0.00027144396794615835,1199.999959248531,191.70002615310645,0.0,1
run_wm0p16667_wc0p23333_wt0p6.nc,374.2984078680122,0.0003721273315993675,755.5386351215011,1045.346218919037,1.485563080597439e-05,1199.999933805987,399.9996583715298,0.0,2
run_wm0p73333_wc0p2_wt0p06667.nc,191.2523911765504,0.0031852971426126696,862.9179182461853,1381.3861006755656,361.00291161929914,1199.9973553109992,384.3981111222943,0.0,0
run_wm0p76667_wc0p16667_wt0p06667.nc,180.55253632975345,0.005462490067658004,862.9150190801033,1363.062355522004,361.00478478666764,1199.9936974256896,372.54335932439534,0.0,0
run_wm0p06667_wc0p76667_wt0p16667.nc,542.4618081505965,0.06692169230867342,749.4267350855534,1224.911442997183,0.001069289162043351,1199.9840671080344,191.7876166458167,0.0,1
run_wm0p63333_wc0p33333_wt0p03333.nc,226.49461309123126,5.345953552061206,862.9169174026991,1447.260167728617,366.3456047962212,1199.9970961303547,405.2990900552055,0.0,0
run_wm0p23333_wc0p53333_wt0p23333.nc,362.5514709354851,0.0191668690912314,786.3956221827673,926.3649471485971,0.0018440293047597889,1199.9826114250582,191.69684756314754,0.0,1
run_wm0p03333_wc0p33333_wt0p63333.nc,660.1659668160067,0.021563871938343616,724.0777359676347,1385.884078862196,0.0005616716516079866,1199.9957084699931,399.99817209765,0.0,2
run_wm0p1_wc0p73333_wt0p16667.nc,439.1277628931108,0.04767178625113871,778.13353436009,1021.2943453430112,0.0010870120723212285,1199.9825876767536,191.73601710308813,0.0,1
run_wm0p1_wc0p36667_wt0p53333.nc,432.1748866825739,0.005989773759935507,781.0074886957631,1087.7818089883272,0.00010865656277957777,1199.9968271011896,399.9971507569938,0.0,2
run_wm0p03333_wc0p93333_wt0p03333.nc,608.9422740341349,56.954502192876625,728.3930811783739,1386.7058696159634,56.902311932509335,1199.989276455486,191.83654933867246,0.0,1
run_wm0p43333_wc0p36667_wt0p2.nc,289.41227299924276,0.006763463221638608,791.6807863463926,791.4292182992077,0.005594209557078692,1199.9883518985396,191.64629131586452,0.0,1
run_wm0p5_wc0p33333_wt0p16667.nc,265.91026862753637,0.006974611347603207,799.9210900815065,721.2007186727814,136.9898834448155,1199.9834971090213,387.3436982405475,0.0,2
run_wm0p06667_wc0p06667_wt0p86667.nc,480.8989515570737,0.014625983071859184,757.8886529506806,1090.497985417158,0.010744234788719342,1199.9973086408797,399.99668038102385,0.0,2
run_wm1e-05_wc0p53333_wt0p46667.nc,1784.9030225425588,0.09952775269966471,570.8083100994166,1720.112989046006,4.852486901679143,1199.999910944921,399.99962668002996,1.4389088193202195e-10,3
run_wm0p6_wc0p13333_wt0p26667.nc,234.76290024021432,0.007920656277597051,804.934234585576,661.4177894126233,0.00833937706629359,1199.9661375718197,352.83406148697895,0.0,2
run_wm0p33333_wc0p1_wt0p56667.nc,317.2816440721655,0.003503769474993947,778.9780358268736,891.1286471711359,0.0034899221873935676,1199.9968975213408,191.711266601711,0.0,1
run_wm0p4_wc0p3_wt0p3.nc,299.60073166183423,0.0021609770585563344,781.6007438145423,850.2342467503393,0.002017159247990608,1199.9980370771066,191.69468724631994,0.0,1
run_wm0p33333_wc0p16667_wt0p5.nc,318.2059598442507,0.008954920492238732,782.6129998990564,871.6539808085241,0.008702207005882702,1199.98781959728,191.70441582961928,0.0,1
run_wm0p26667_wc0p66667_wt0p06667.nc,348.1520444570606,4.425945725131546,787.4598458813427,1257.1000123940873,365.42324489333265,1199.9913853374221,191.68653874437538,0.0,0
run_wm0p36667_wc0p5_wt0p13333.nc,310.8496355095184,0.0270044722299114,789.9941929693516,827.8229655565489,46.487802085816035,1199.9721260643544,191.65205430494728,0.0,1
run_wm0p23333_wc0p3_wt0p46667.nc,361.99216928855344,0.0045924506667972985,772.3564578525973,950.9429228980799,0.0003716135115706128,1199.9955307320206,191.71078970556695,0.0,1
run_wm0p66667_wc0p06667_wt0p26667.nc,214.55680982469195,0.002324254268973786,825.7070256463456,629.8694854363464,0.0025989092390782797,1199.9917611176613,347.25751454265696,0.0,2
run_wm0p26667_wc0p7_wt0p03333.nc,300.3196600926855,77.86199374007862,716.0880094966371,1602.8548861576326,438.8539439719207,1199.9874445545865,191.69078012826057,0.0,0
run_wm0p7_wc0p3_wt1e-05.nc,132.2775122926174,87.86898057323496,862.9197559071152,1266.523975867895,448.8688768513157,1199.9997502454796,406.9311475503605,0.0,0
run_wm0p4_wc0p23333_wt0p36667.nc,299.5802443768422,0.009226336934308785,783.9999273012913,821.3657819453061,0.008992896423237862,1199.9835162037411,191.69080109229546,0.0,1
run_wm0p1_wc0p03333_wt0p86667.nc,424.9065693081224,0.020943404770040478,765.2106628835985,1016.1691327898232,0.02056874455960405,1199.9936577076867,399.9916754858796,0.0,2
run_wm0p16667_wc0p3_wt0p53333.nc,374.39924760119203,0.004182848867438065,760.1041824035866,988.3993197477375,0.00011316249350613488,1199.9984586126534,399.9814063947664,0.0,2
run_wm0p13333_wc0p7_wt0p16667.nc,399.12481891421544,0.007235993902618632,783.7631081683408,1061.7402554291568,0.00016759959160436784,1199.9969151492714,191.714595745698,0.0,1
run_wm0p56667_wc0p03333_wt0p4.nc,239.94039775233597,0.004858117788774512,803.4713347921523,669.2857493907131,0.015271362741349449,1199.9929500446224,191.63191312059814,0.0,1
run_wm0p2_wc0p2_wt0p6.nc,365.90207785032595,0.005208697943626287,768.3626197468582,916.1787188702851,0.002030367125205887,1199.99488802441,399.993529261023,0.0,2
run_wm0p16667_wc0p73333_wt0p1.nc,378.2219081059164,0.028266385081208528,785.5857539619046,949.0835512512593,0.02849535652360029,1199.9965251134404,191.70317549630465,0.0,1
run_wm0p13333_wc0p8_wt0p06667.nc,396.7438768642441,5.838273805518422,780.7066929564915,1001.0761998302011,5.83968743294645,1199.9917143547143,191.71345642118615,0.0,1
run_wm0p5_wc0p3_wt0p2.nc,265.5413639882422,0.008708124946691286,799.0240553505989,715.4396749382242,0.010312945680846553,1199.9756256402457,386.8862520492717,0.0,2
run_wm0p53333_wc0p03333_wt0p43333.nc,252.68439288701012,0.007806123789725775,801.3092234182698,703.9904290678259,0.008290921191263245,1199.9898577952235,191.66776692793525,0.0,1
run_wm0p06667_wc0p1_wt0p83333.nc,480.811435740828,0.018649177309569,749.349772768694,1098.3808353242537,0.0010588910919626087,1199.999264477372,399.9972835909792,0.0,2
run_wm1e-05_wc1p0_wt1e-05.nc,1831.0730217419668,9.674902342233885,546.2467165104331,1731.9043371940738,9.49492455341784,1199.9974141486393,192.38702159378371,6.531471995936268e-10,3
run_wm0p3_wc0p36667_wt0p33333.nc,333.6846492218507,0.008186180053003837,785.203716393999,888.6657652745425,0.0036077954906049738,1199.984135914016,191.6971043956199,0.0,1
